"타임스탬프","성별을 입력해주세요.","나이를 입력해주세요.","현재 구독해서 사용중인 OTT 서비스를 선택해주세요. (복수 응답)","본인이 즐겨보는 장르는 무엇입니까? (복수 응답)","OTT 서비스를 선택하는데 Original 컨텐츠가 영향을 미친 정도는 어떻습니까?","서비스 사용시간은 일주일에 평균 얼마입니까?","특정 서비스를 사용하는 특별한 이유 또는 사용하면서 불만족스러운 점이 있으셨다면 간략히 적어주세요.","너무 싸서 품질이 의심스러운 가격은 얼마부터 입니까? [가격]","싸다고 느끼기 시작하는 가격은 얼마부터 입니까? [가격]","비싸다고 느끼기 시작하는 가격은 얼마부터 입니까? [가격]","아무리 품질이 좋더라도 너무 비싸서 살 수 없는 가격은 얼마부터 입니까? [가격]"
"2019/10/29 5:59:25 오후 GMT+9","남","3","Netflix (넷플릭스);Youtube Premium (유튜브 프리미엄)","해외 드라마;해외 영화","2","2시간 ~ 4시간","넷플릭스에 미드가 인기있는 걸 추천항목에 떠서 재밌는걸 쉽게 접근할수 있는거 같아요 ","5000 원","6000 원","12000 원","13000 원"
"2019/10/29 6:03:42 오후 GMT+9","남","4","Youtube Premium (유튜브 프리미엄)","국내 예능;인터넷방송","5","8시간 이상","","5000 원","5000 원","10000 원","10500 원"
"2019/10/29 6:04:33 오후 GMT+9","여","3","Netflix (넷플릭스);Youtube Premium (유튜브 프리미엄)","국내 드라마;해외 드라마","4","6시간 ~ 8시간","컨텐츠가 다양함","5000 원","5500 월","6500 원","6500 원"
"2019/10/29 6:06:31 오후 GMT+9","남","2","Netflix (넷플릭스)","국내 영화;해외 영화","4","2시간 ~ 4시간","","6000 원","6000 원","13000 원","12000 원"
"2019/10/29 6:06:47 오후 GMT+9","남","3","Netflix (넷플릭스)","해외 드라마;해외 영화","4","2시간 ~ 4시간","넷플릭스 같은경우 오지리널 컨텐츠의 결말과 스토리 장르 분위기가 서로 많이비슷하여 어느정도보면 질려서 이용을 안하게된다","5000 원","5500 월","9000 원","13000 원"
"2019/10/29 6:08:38 오후 GMT+9","여","3","Netflix (넷플릭스)","해외 드라마;해외 영화","4","6시간 ~ 8시간","지역이동(나라간)시에 컨텐츠가 바뀐다.","6000 원","7000 원","10000 원","13000 원"
"2019/10/29 6:08:54 오후 GMT+9","여","4","Netflix (넷플릭스);Youtube Premium (유튜브 프리미엄)","국내 드라마;해외 드라마;해외 영화","4","2시간 ~ 4시간","유튜브 프리미엄 편합니다 아주. 우리나라도 가족계정좀 허용해줫으면...","5000 원","5000 원","7500 원","13000 원"
"2019/10/29 6:09:11 오후 GMT+9","여","6","Netflix (넷플릭스)","국내 드라마;해외 영화","3","2시간 ~ 4시간","최신 개봉 영화나 드라마는 없어서 아쉽지만 옛날 영화나 드라마를 다시 볼 수 있다는 장점","5000 원","5000 원","10000 원","13000 원"
"2019/10/29 6:15:13 오후 GMT+9","여","4","Netflix (넷플릭스)","국내 영화;해외 영화","4","2시간 ~ 4시간","정기 결제","5000 원","5000 원","10000 원","13000 원"
"2019/10/29 6:17:49 오후 GMT+9","여","3","Netflix (넷플릭스);Youtube Premium (유튜브 프리미엄)","해외 드라마;해외 영화","4","8시간 이상","수준 높은 스토리와 연출력이 있는 독보적인 많은 영상이 있어서 넷플릭스를 사용함. 하지만 시청자들 서로간의 의사소통을 할 공간이 없어서 추천받을 만한 영상이나 영상의 의견(후기)들을 다른 콘텐츠를 이용하여 알게 되는것이 조금 아쉬움.","6000 원","8500 원","12000 원","13000 원"
"2019/10/29 6:20:18 오후 GMT+9","남","3","Netflix (넷플릭스)","해외 드라마;해외 예능;해외 영화","3","6시간 ~ 8시간","화질","6000 원","6000 원","7000 원","8000 원"
"2019/10/29 6:21:01 오후 GMT+9","여","3","Netflix (넷플릭스)","해외 드라마","3","2시간 ~ 4시간","","5000 원","5500 월","6000 원","6500 원"
"2019/10/29 6:21:50 오후 GMT+9","여","3","아무것도 안함","국내 예능;국내 영화;해외 영화","1","2시간 이내","","5000 원","5000 원","9000 원","12000 원"
"2019/10/29 6:24:02 오후 GMT+9","남","4","Netflix (넷플릭스)","해외 영화","4","2시간 이내","편해서","10000 원","5000 원","8000 원","12000 원"
"2019/10/29 6:24:27 오후 GMT+9","남","6","Youtube Premium (유튜브 프리미엄)","국내 예능","4","2시간 ~ 4시간","","5000 원","5000 원","10000 원","12000 원"
"2019/10/29 6:25:16 오후 GMT+9","여","2","Youtube Premium (유튜브 프리미엄)","국내 드라마;해외 영화;뷰티유튜버","3","2시간 이내","심심해서","5000 원","5000 원","5000 원","5000 원"
"2019/10/29 6:26:30 오후 GMT+9","여","1","Netflix (넷플릭스);Watcha Play (왓챠 플레이);스포티비","국내 드라마;국내 영화;해외 드라마;해외 예능;축구","2","2시간 ~ 4시간","","5000 원","5000 원","5000 원","6500 원"
"2019/10/29 6:29:02 오후 GMT+9","여","2","Netflix (넷플릭스);Watcha Play (왓챠 플레이);Youtube Premium (유튜브 프리미엄)","국내 예능;국내 영화","3","2시간 ~ 4시간","김보규짱","5500 월","5500 월","5500 월","5500 월"
"2019/10/29 6:30:10 오후 GMT+9","여","4","Watcha Play (왓챠 플레이)","국내 드라마;국내 예능;국내 영화;해외 영화","1","2시간 ~ 4시간","왓챠 플레이가 왓챠 어플과 연계되어 있어서 평점을 줬던 영화들을 바탕으로 내 취향을 파악해서 영화나 드라마를 추천해줘서 좋았다.","5000 원","5000 원","8000 원","10000 원"
"2019/10/29 6:35:07 오후 GMT+9","남","4","Netflix (넷플릭스);Watcha Play (왓챠 플레이)","국내 드라마;국내 영화;해외 드라마;해외 예능;해외 영화","4","2시간 ~ 4시간","","5000 원","5000 원","5000 원","5000 원"
"2019/10/29 6:35:09 오후 GMT+9","여","4","Netflix (넷플릭스)","해외 영화","4","2시간 ~ 4시간","","5000 원","5000 원","7000 원","6000 원"
"2019/10/29 6:35:52 오후 GMT+9","여","3","없숩니다","국내 드라마;국내 영화;해외 영화","3","2시간 이내","","5000 원","5000 원","7000 원","7500 원"
"2019/10/29 6:36:12 오후 GMT+9","여","3","Netflix (넷플릭스)","국내 드라마;해외 드라마","4","2시간 이내","시간이 없어서 자주 못보는데 한달단위로 결제를 해야되서 좀 비효율적이다","5000 원","6000 원","7500 원","9000 원"
"2019/10/29 6:36:50 오후 GMT+9","남","4","Youtube Premium (유튜브 프리미엄)","국내 예능;해외 예능;해외 영화;예능 -> 유튜버들 영상","5","8시간 이상","너무싼 가격대는 여기에 없어서 5천원 골랐음","5000 원","5000 원","8000 원","10500 원"
"2019/10/29 6:37:22 오후 GMT+9","여","7","Youtube Premium (유튜브 프리미엄)","국내 드라마;국내 예능;국내 영화","4","6시간 ~ 8시간","","5000 원","5000 원","6500 원","6500 원"
"2019/10/29 6:37:40 오후 GMT+9","남","5","Netflix (넷플릭스)","해외 드라마;해외 영화","5","2시간 이내","","5000 원","5500 월","10000 원","12000 원"
"2019/10/29 6:37:45 오후 GMT+9","남","3","Netflix (넷플릭스);Watcha Play (왓챠 플레이)","해외 드라마","4","2시간 이내","","5500 월","5000 원","8000 원","12000 원"
"2019/10/29 6:38:32 오후 GMT+9","여","3","Netflix (넷플릭스);Youtube Premium (유튜브 프리미엄)","국내 드라마;해외 드라마;해외 영화","3","2시간 이내","","5000 원","6000 원","8500 원","10000 원"
"2019/10/29 6:38:55 오후 GMT+9","남","6","Netflix (넷플릭스);Youtube Premium (유튜브 프리미엄)","국내 드라마;국내 예능;국내 영화","1","2시간 이내","","5000 원","5000 원","12000 원","13000 원"
"2019/10/29 6:44:06 오후 GMT+9","여","4","Netflix (넷플릭스)","국내 드라마;국내 영화;해외 드라마","3","8시간 이상","콘텐츠가 너무 적고 한나라에만 치중돼있다","5000 원","5000 원","8500 원","9000 원"
"2019/10/29 6:46:13 오후 GMT+9","남","4","Wavve (웨이브)","국내 예능","3","2시간 ~ 4시간","웨이브는 걍 쓰레기에요. 옥수수 쓰다서비스종료돼서 넘어왔는데 어플 최적화도 제대로 안돼있고 없는 방송도 많고 걍 타 티비어플에 비해 이점이 하나도없는 쓰레기에요. 근데 쓰는 이유는. 제가 보는 채널 자체가 많이없고 통신사 멤버쉽으로 꽁짜라서에요. 근데 꽁짠데도 차라리 돈내고 딴거볼까 생각한다니까요?  구글 리뷰만 봐도 개쓰레기같단 악평 구경 가능. ","5000 원","8000 원","11000 원","13000 원"
"2019/10/29 6:46:15 오후 GMT+9","남","4","Netflix (넷플릭스)","해외 드라마;해외 영화","5","2시간 이내","넷플릭스라는 플랫폼은 자체적으로 제작하는 드라마 류가 강점이 있다고 생각합니다. ","5000 원","6000 원","10000 원","13000 원"
"2019/10/29 6:46:25 오후 GMT+9","남","3","Netflix (넷플릭스)","국내 영화;해외 드라마;해외 영화","1","6시간 ~ 8시간","","5000 원","7000 원","10000 원","11000 원"
"2019/10/29 6:49:54 오후 GMT+9","남","4","Netflix (넷플릭스);Youtube Premium (유튜브 프리미엄)","국내 드라마;국내 영화","5","8시간 이상","","5000 원","5500 월","6000 원","6500 원"
"2019/10/29 6:52:47 오후 GMT+9","여","2","Netflix (넷플릭스)","국내 예능;해외 드라마","3","2시간 이내","","6000 원","6000 원","10000 원","12000 원"
"2019/10/29 6:54:33 오후 GMT+9","여","3","Wavve (웨이브)","국내 드라마;국내 예능;해외 드라마;해외 영화","1","6시간 ~ 8시간","","5000 원","5000 원","7000 원","9000 원"
"2019/10/29 6:55:18 오후 GMT+9","남","4","Netflix (넷플릭스);Watcha Play (왓챠 플레이)","국내 예능;해외 드라마;해외 영화","5","8시간 이상","넷플릭스 박나래 광고 개빡침 광고도 못없앰","5000 원","5000 원","5500 월","10000 원"
"2019/10/29 7:02:25 오후 GMT+9","여","9","Netflix (넷플릭스);Watcha Play (왓챠 플레이);Youtube Premium (유튜브 프리미엄);Wavve (웨이브)","국내 드라마;해외 드라마","5","8시간 이상","","7500 원","10000 원","13000 원","13000 원"
"2019/10/29 7:04:35 오후 GMT+9","남","3","Watcha Play (왓챠 플레이);Youtube Premium (유튜브 프리미엄)","해외 드라마","3","8시간 이상","없음. 절묘한 한달 결제 마케팅과 가격선정인듯?","5000 원","6000 원","7000 원","11000 원"
"2019/10/29 7:07:52 오후 GMT+9","여","4","Netflix (넷플릭스);Watcha Play (왓챠 플레이)","국내 영화;해외 드라마;해외 영화","4","2시간 ~ 4시간","","5000 원","6500 원","7000 원","12000 원"
"2019/10/29 7:07:57 오후 GMT+9","남","2","없","국내 영화;해외 영화","1","8시간 이상","유튜브 광고 조까태요","5000 원","6500 원","7000 원","9000 원"
"2019/10/29 7:12:57 오후 GMT+9","남","3","Netflix (넷플릭스)","해외 드라마","2","2시간 이내","그레이아나토미 시즌 3부터 12까지가 없다","5500 월","8000 원","12000 원","13000 원"
"2019/10/29 7:14:26 오후 GMT+9","남","1","Netflix (넷플릭스)","해외 영화","3","2시간 이내","","5500 월","6500 원","8000 원","13000 원"
"2019/10/29 7:16:11 오후 GMT+9","남","3","Netflix (넷플릭스);Youtube Premium (유튜브 프리미엄);Wavve (웨이브)","국내 드라마;국내 예능;국내 영화;해외 드라마;해외 영화","5","2시간 ~ 4시간","컨텐츠 업데이트가 느린 점이 아쉬움","5000 원","5000 원","7500 원","8000 원"
"2019/10/29 7:18:33 오후 GMT+9","여","3","Netflix (넷플릭스)","국내 예능;국내 영화;해외 드라마;해외 영화","4","2시간 ~ 4시간","","5000 원","7000 원","12000 원","13000 원"
"2019/10/29 7:19:20 오후 GMT+9","남","1","Watcha Play (왓챠 플레이)","국내 드라마;국내 예능;국내 영화;해외 영화","5","2시간 이내","","5500 월","5500 월","5500 월","6000 원"
"2019/10/29 7:24:31 오후 GMT+9","여","2","Netflix (넷플릭스);Watcha Play (왓챠 플레이)","해외 드라마;해외 영화","2","2시간 ~ 4시간","","5000 원","5000 원","5000 원","5500 월"
"2019/10/29 7:26:36 오후 GMT+9","여","2","Netflix (넷플릭스)","국내 영화","3","2시간 ~ 4시간","","5000 원","5000 원","10000 원","13000 원"
"2019/10/29 7:38:42 오후 GMT+9","남","5","Netflix (넷플릭스)","해외 드라마;해외 영화","5","6시간 ~ 8시간","","5000 원","5000 원","6000 원","6500 원"
"2019/10/29 7:52:06 오후 GMT+9","남","2","Youtube Premium (유튜브 프리미엄)","음악","1","8시간 이상","광고제거 및 백그라운드 재생이 큰 이유일 것, 불만족은 오리지널 컨텐츠에 관심이 없는 경우 큰 메리트를 느끼지 못하며 오히려 부정적으로 작용할 수 있음","5000 원","5000 원","8000 원","10000 원"
"2019/10/29 7:57:14 오후 GMT+9","남","5","Youtube Premium (유튜브 프리미엄)","국내 예능","4","2시간 ~ 4시간","","5000 원","6000 원","8000 원","10000 원"
"2019/10/29 8:00:57 오후 GMT+9","남","3","Netflix (넷플릭스);Watcha Play (왓챠 플레이)","국내 드라마","3","2시간 이내","몰라용","5500 월","5500 월","5500 월","5500 월"
"2019/10/29 8:08:56 오후 GMT+9","여","3","Youtube Premium (유튜브 프리미엄)","국내 드라마;국내 예능","3","2시간 ~ 4시간","","6000 원","7000 원","12000 원","13000 원"
"2019/10/29 8:12:41 오후 GMT+9","여","6","Netflix (넷플릭스);Watcha Play (왓챠 플레이);Wavve (웨이브)","국내 예능;해외 드라마;해외 영화","5","8시간 이상","실시간 방송 스케줄을 맞출수 없어, 여가시간에 원하는 컨텐츠 감상을 위하서비스 이용. Tving wavve는 netflix에 비해 검색이 잘되지않음. 예를들어, 쇼미더머니를 검색할시 최신 시즌이나와야하는데 옛날? 정렬이되지않음. 그리고 tving은 리뉴얼후 메뉴 구성이 사용자가 관심없는 live가 홈화면이다. 대부분은 vod서비스를 이용히거나 vod중 이어보기를 하기위해 사용할텐데. ","5000 원","5000 원","10000 원","10000 원"
"2019/10/29 8:46:34 오후 GMT+9","여","4","Watcha Play (왓챠 플레이);티빙","국내 드라마;국내 영화;해외 드라마;해외 영화","3","2시간 이내","","5000 원","5000 원","7000 원","7000 원"
"2019/10/29 8:53:53 오후 GMT+9","여","3","Netflix (넷플릭스);티빙","국내 드라마;국내 예능","4","6시간 ~ 8시간","","5000 원","5000 원","7000 원","12500 원"
"2019/10/29 9:13:34 오후 GMT+9","여","3","Netflix (넷플릭스);Wavve (웨이브)","국내 드라마;국내 영화;해외 드라마;해외 영화","4","2시간 ~ 4시간","","5000 원","5000 원","10000 원","13000 원"
"2019/10/29 9:41:20 오후 GMT+9","여","4","Netflix (넷플릭스);Wavve (웨이브)","국내 예능;해외 드라마;해외 영화","4","8시간 이상","","5000 원","5000 원","6500 원","6500 원"
"2019/10/29 9:49:03 오후 GMT+9","남","2","Netflix (넷플릭스)","국내 영화;해외 영화","3","2시간 ~ 4시간","","5000 원","5000 원","6000 원","9000 원"
"2019/10/29 10:03:20 오후 GMT+9","남","4","Netflix (넷플릭스);Youtube Premium (유튜브 프리미엄);Wavve (웨이브)","국내 드라마;국내 예능;국내 영화;해외 드라마;해외 예능;해외 영화","4","8시간 이상","가격이 착함","5000 원","6000 원","11000 원","13000 원"
"2019/10/29 10:21:20 오후 GMT+9","여","2","Netflix (넷플릭스);Watcha Play (왓챠 플레이)","국내 드라마;국내 예능;국내 영화;해외 영화","3","2시간 ~ 4시간","국내 드라마 종류가 적다","5000 원","5000 원","6000 원","7000 원"
"2019/10/29 10:24:08 오후 GMT+9","남","3","Netflix (넷플릭스)","국내 드라마;해외 영화","3","2시간 이내","","5000 원","5000 원","7000 원","9000 원"
"2019/10/29 10:29:59 오후 GMT+9","남","4","Netflix (넷플릭스)","국내 드라마;국내 예능","3","2시간 ~ 4시간","","6000 원","5500 월","8000 원","11000 원"
"2019/10/29 11:06:22 오후 GMT+9","여","1","Netflix (넷플릭스)","해외 드라마;해외 영화","3","2시간 이내","화면 꺼짐방지 같은 것이 제대로 안 될때가 많아서 볼 때 불편했다","6000 원","6000 원","8000 원","10000 원"
"2019/10/29 11:10:17 오후 GMT+9","여","3","Netflix (넷플릭스)","국내 드라마;국내 예능;국내 영화;해외 영화","2","2시간 ~ 4시간","","5000 원","6000 원","13000 원","10000 원"
"2019/10/30 12:52:58 오전 GMT+9","여","2","Netflix (넷플릭스);Youtube Premium (유튜브 프리미엄)","국내 영화;해외 드라마;해외 영화","5","2시간 ~ 4시간","화질이 안좋아요","5000 원","5000 원","10000 원","12000 원"
"2019/10/30 12:53:50 오전 GMT+9","여","1","Watcha Play (왓챠 플레이)","국내 드라마;국내 예능;해외 영화","4","2시간 ~ 4시간","장르가 정해져있어서 좋다. 
안나오는 드라마가 많다.
","5000 원","5000 원","5000 원","12000 원"
"2019/10/30 12:55:09 오전 GMT+9","여","2","Netflix (넷플릭스);Watcha Play (왓챠 플레이);Wavve (웨이브)","국내 드라마;국내 예능;국내 영화;해외 드라마;해외 예능;해외 영화","2","8시간 이상","빈약한 종류(원하는 영화, 드라마, 예능이 없음)","5000 원","5000 원","6500 원","7500 원"
"2019/10/30 12:56:12 오전 GMT+9","여","2","Netflix (넷플릭스)","국내 드라마;해외 드라마","3","2시간 이내","넷플릭스 _ 외국 드라마를 보기 쉽고 카테고리가 잘 나눠져 있어 사용이 쉽다. 넷플릭스는 자체적으로 제작하는 영상이 있어 독특함이 있다","5000 원","5000 원","7500 원","11000 원"
"2019/10/30 1:19:28 오전 GMT+9","여","2","Netflix (넷플릭스);Watcha Play (왓챠 플레이)","해외 드라마;해외 영화","3","8시간 이상","구글에서 무료로 찾아볼 수 있지만 화질도 안좋고 찾기 힘들어서 구독해서 봅니다 ","5000 원","5000 원","7000 원","8000 원"
"2019/10/30 1:44:26 오후 GMT+9","여","3","Netflix (넷플릭스)","해외 영화","3","6시간 ~ 8시간","주변 사람들의 추천, 광고","7000 원","5000 원","10000 원","11000 원"